﻿Cartes,"Priorité ",Epic,Product Owner,État,Type,Responsable tâche
Landing non connectée,P1 🔥," 🏠Landing","Soufiane ",à faire,Story📕,Front-end
Page Login  Front-end,P1🔥,🔌Connexion,Soufiane,à faire,Story📕,Front-end
"Page Login Back-end ",P1 🔥,🔌Connexion,"Soufiane ",à faire,Story📕,Back-end
Catégorie de plat Front-end,P1 🔥,🍴Création de menu,"Soufiane ",à faire,Story📕,Front-end
"Catégorie de plat Back-end ",P1🔥,🍴Création de menu,,à faire,,Back-end
Création de plat Front-end,P1 🔥,🍴Création de menu,"Soufiane ",à faire,Story📕,Front-end
Création de plat Back-end,P1🔥,🍴Création de menu,,à faire,,Back-end
Style de menu,P1 🔥,🍴Création de menu,"Soufiane ",à faire,Story📕,Front-end
Exportation PDF Front-end,P1 🔥,🍴Création de menu,"Soufiane ",à faire,Story📕,Front-end
Exportation PDF Back-end,P1🔥,🍴Création de menu,,à faire,,Front-end
Commander l’impression d’un menu,P1 🔥,🎒Back Office,"Soufiane ",à faire,Story📕,Front-end
Menus précédents Front-end,P1 🔥,-,"Soufiane ",à faire,Story📕,Front-end
Menu précédents Back-end,P1🔥,-,,à faire,,Back-end
Informations légales,P2,🏠Landing,"Soufiane ",à faire,Story📕,Front-end
Tarifs,P2,🏠Landing,"Soufiane ",à faire,Story📕,Front-end
Exportation Deliveroo Front-end,P2,🍴Création de menu,"Soufiane ",à faire,Story📕,Front-end
Exportation Deliveroo Back-end,P2,🍴Création de menu,,à faire,,Back-end
Partage sur Instagram Front-end,P2,🍴Création de menu,"Soufiane ",à faire,Story📕,Front-end
Partage sur Instagram Back-end,P2,🍴Création de menu,,à faire,,Back-end
Déconnexion,P2,🔌Connexion,"Soufiane ",à faire,Story📕,Front-end
Infos utilisateur Front-end,P2,-,"Soufiane ",à faire,Story📕,Front-end
Infos Utilisateur Back-end,P2,-,,à faire,,Back-end
Dashboard Front-end,P2,-,"Soufiane ",à faire,Story📕,Front-end
Dashboard Back-end,P2,-,,à faire,,Back-end
Branding restaurateur Front-end,P3,-,"Soufiane ",à faire,Story📕,Front-end
Branding restaurateur Back-end,P3,-,,à faire,,Back-end
Maquette figma,P1🔥,🪄Design,"Soufiane ",Terminé,,Designer UI/UX